census_occ2010,onet_code
10,11-1011.00
10,11-1011.03
20,11-1021.00
30,11-1031.00
40,11-2011.00
50,11-2021.00
50,11-2022.00
60,11-2032.00
60,11-2033.00
100,11-3012.00
100,11-3013.00
110,11-3021.00
120,11-3031.00
120,11-3031.01
135,11-3111.00
136,11-3121.00
137,11-3131.00
140,11-3051.00
140,11-3051.01
140,11-3051.02
140,11-3051.03
140,11-3051.04
140,11-3051.06
150,11-3061.00
160,11-3071.00
205,11-9013.00
220,11-9021.00
230,11-9031.00
230,11-9032.00
230,11-9033.00
230,11-9039.00
230,11-9179.01
300,11-9041.00
300,11-9041.01
310,11-9051.00
325,11-9171.00
330,11-9071.00
340,11-9081.00
350,11-9111.00
360,11-9121.00
360,11-9121.01
360,11-9121.02
400,11-9131.00
410,11-9141.00
420,11-9151.00
425,11-9161.00
430,11-3013.01
430,11-3031.03
430,11-3071.04
430,11-9072.00
430,11-9179.00
430,11-9199.00
430,11-9199.01
430,11-9199.02
430,11-9199.08
430,11-9199.09
430,11-9199.10
430,11-9199.11
430,13-1082.00
500,13-1011.00
510,13-1021.00
520,13-1022.00
530,13-1023.00
540,13-1031.00
540,13-1032.00
565,13-1041.00
565,13-1041.01
565,13-1041.03
565,13-1041.04
565,13-1041.06
565,13-1041.07
600,13-1051.00
630,13-1071.00
630,13-1074.00
630,13-1075.00
640,13-1141.00
650,13-1151.00
700,13-1081.00
700,13-1081.01
700,13-1081.02
710,13-1111.00
725,13-1121.00
726,13-1131.00
735,13-1161.00
740,13-1041.08
740,13-1082.00
740,13-1199.00
740,13-1199.04
740,13-1199.05
740,13-1199.06
740,13-1199.07
740,47-4011.01
800,13-2011.00
810,13-2022.00
810,13-2023.00
820,13-2031.00
830,13-2041.00
840,13-2051.00
840,13-2054.00
850,13-2052.00
860,13-2053.00
900,13-2061.00
910,13-2071.00
910,13-2072.00
930,13-2081.00
940,13-2082.00
950,13-2051.00
950,13-2054.00
950,13-2099.00
950,13-2099.01
950,13-2099.04
1005,15-1221.00
1006,15-1211.00
1006,15-1211.01
1007,15-1212.00
1010,15-1251.00
1020,15-1252.00
1020,15-1253.00
1030,15-1254.00
1030,15-1255.00
1050,15-1231.00
1050,15-1232.00
1060,15-1242.00
1060,15-1243.00
1105,15-1244.00
1106,15-1241.00
1106,15-1241.01
1107,13-1082.00
1107,13-1161.01
1107,15-1243.00
1107,15-1243.01
1107,15-1253.00
1107,15-1255.00
1107,15-1255.01
1107,15-1299.00
1107,15-1299.01
1107,15-1299.02
1107,15-1299.03
1107,15-1299.08
1107,15-1299.09
1107,15-2051.01
1200,15-2011.00
1210,15-2021.00
1220,15-2031.00
1230,15-2041.00
1230,15-2041.01
1230,15-2051.02
1240,15-2051.00
1240,15-2099.00
1300,17-1011.00
1300,17-1012.00
1310,17-1021.00
1310,17-1022.00
1310,17-1022.01
1320,17-2011.00
1330,17-2021.00
1340,17-2031.00
1350,17-2041.00
1360,17-2051.00
1360,17-2051.01
1400,17-2061.00
1410,17-2071.00
1410,17-2072.00
1410,17-2072.01
1420,17-2051.02
1420,17-2081.00
1430,17-2111.00
1430,17-2111.02
1430,17-2112.00
1430,17-2112.01
1440,17-2121.00
1450,17-2131.00
1460,17-2141.00
1460,17-2141.01
1460,17-2141.02
1500,17-2151.00
1510,17-2161.00
1520,17-2171.00
1530,17-2031.00
1530,17-2112.02
1530,17-2112.03
1530,17-2199.00
1530,17-2199.03
1530,17-2199.05
1530,17-2199.06
1530,17-2199.07
1530,17-2199.08
1530,17-2199.09
1530,17-2199.10
1530,17-2199.11
1540,17-3011.00
1540,17-3012.00
1540,17-3013.00
1540,17-3019.00
1550,17-3021.00
1550,17-3022.00
1550,17-3023.00
1550,17-3024.00
1550,17-3024.01
1550,17-3025.00
1550,17-3026.00
1550,17-3026.01
1550,17-3027.00
1550,17-3027.01
1550,17-3028.00
1550,17-3029.00
1550,17-3029.01
1550,17-3029.08
1560,17-3031.00
1600,19-1011.00
1600,19-1012.00
1600,19-1013.00
1610,19-1021.00
1610,19-1022.00
1610,19-1023.00
1610,19-1029.00
1610,19-1029.01
1610,19-1029.02
1610,19-1029.03
1610,19-1029.04
1640,19-1031.00
1640,19-1031.02
1640,19-1031.03
1640,19-1032.00
1650,19-1041.00
1650,19-1042.00
1660,19-1099.00
1700,19-2011.00
1700,19-2012.00
1710,19-2021.00
1720,19-2031.00
1720,19-2032.00
1740,19-2041.00
1740,19-2041.01
1740,19-2041.02
1740,19-2041.03
1740,19-2042.00
1740,19-2043.00
1760,19-2099.00
1760,19-2099.01
1800,19-3011.00
1800,19-3011.01
1815,19-3022.00
1820,19-3032.00
1820,19-3033.00
1820,19-3034.00
1820,19-3039.00
1820,19-3039.02
1820,19-3039.03
1830,19-3041.00
1840,19-3051.00
1860,19-3091.00
1860,19-3092.00
1860,19-3093.00
1860,19-3094.00
1860,19-3099.00
1860,19-3099.01
1900,19-4012.00
1900,19-4013.00
1910,19-4021.00
1920,19-4031.00
1930,19-4043.00
1930,19-4044.00
1940,19-4051.00
1940,19-4051.02
1950,19-3051.00
1950,19-4061.00
1965,19-4012.01
1965,19-4042.00
1965,19-4044.00
1965,19-4071.00
1965,19-4092.00
1965,19-4099.00
1965,19-4099.01
1965,19-4099.03
2000,21-1011.00
2000,21-1012.00
2000,21-1013.00
2000,21-1014.00
2000,21-1015.00
2000,21-1019.00
2010,21-1021.00
2010,21-1022.00
2010,21-1023.00
2010,21-1029.00
2015,21-1092.00
2016,21-1093.00
2025,21-1091.00
2025,21-1094.00
2025,21-1099.00
2040,21-2011.00
2050,21-2021.00
2060,21-2099.00
2100,23-1011.00
2105,23-1012.00
2110,23-1021.00
2110,23-1022.00
2110,23-1023.00
2145,23-2011.00
2160,23-2093.00
2160,23-2099.00
2160,27-3092.00
2200,25-1011.00
2200,25-1021.00
2200,25-1022.00
2200,25-1031.00
2200,25-1032.00
2200,25-1041.00
2200,25-1042.00
2200,25-1043.00
2200,25-1051.00
2200,25-1052.00
2200,25-1053.00
2200,25-1054.00
2200,25-1061.00
2200,25-1062.00
2200,25-1063.00
2200,25-1064.00
2200,25-1065.00
2200,25-1066.00
2200,25-1067.00
2200,25-1069.00
2200,25-1071.00
2200,25-1072.00
2200,25-1081.00
2200,25-1082.00
2200,25-1111.00
2200,25-1112.00
2200,25-1113.00
2200,25-1121.00
2200,25-1122.00
2200,25-1123.00
2200,25-1124.00
2200,25-1125.00
2200,25-1126.00
2200,25-1192.00
2200,25-1193.00
2200,25-1194.00
2200,25-1199.00
2200,25-9044.00
2300,25-2011.00
2300,25-2012.00
2310,25-2021.00
2310,25-2022.00
2310,25-2023.00
2320,25-2031.00
2320,25-2032.00
2330,25-2051.00
2330,25-2055.00
2330,25-2056.00
2330,25-2057.00
2330,25-2058.00
2330,25-2059.00
2330,25-2059.01
2340,25-3011.00
2340,25-3021.00
2340,25-3031.00
2340,25-3041.00
2340,25-3099.00
2400,25-4011.00
2400,25-4012.00
2400,25-4013.00
2430,25-4022.00
2440,25-4031.00
2540,25-9042.00
2540,25-9043.00
2540,25-9049.00
2550,25-4022.00
2550,25-9021.00
2550,25-9031.00
2550,25-9099.00
2600,27-1011.00
2600,27-1012.00
2600,27-1013.00
2600,27-1014.00
2600,27-1019.00
2630,27-1021.00
2630,27-1022.00
2630,27-1023.00
2630,27-1024.00
2630,27-1025.00
2630,27-1026.00
2630,27-1027.00
2630,27-1029.00
2700,27-2011.00
2710,27-2012.00
2710,27-2012.03
2710,27-2012.04
2710,27-2012.05
2720,27-2021.00
2720,27-2022.00
2720,27-2023.00
2740,27-2031.00
2740,27-2032.00
2750,27-2041.00
2750,27-2042.00
2760,27-2091.00
2760,27-2099.00
2800,27-3011.00
2800,27-3099.00
2810,27-3023.00
2825,27-3031.00
2830,27-3041.00
2840,27-3042.00
2850,27-3043.00
2850,27-3043.05
2860,27-3091.00
2860,27-3099.00
2900,27-4011.00
2900,27-4012.00
2900,27-4014.00
2900,43-2099.00
2910,27-4021.00
2920,27-4031.00
2920,27-4032.00
2960,27-4015.00
2960,27-4099.00
3000,29-1011.00
3010,29-1021.00
3010,29-1022.00
3010,29-1023.00
3010,29-1024.00
3010,29-1029.00
3030,29-1031.00
3040,29-1041.00
3050,29-1051.00
3060,29-1211.00
3060,29-1212.00
3060,29-1213.00
3060,29-1214.00
3060,29-1215.00
3060,29-1216.00
3060,29-1217.00
3060,29-1218.00
3060,29-1221.00
3060,29-1222.00
3060,29-1223.00
3060,29-1224.00
3060,29-1229.00
3060,29-1229.01
3060,29-1229.02
3060,29-1229.03
3060,29-1229.04
3060,29-1229.05
3060,29-1229.06
3060,29-1241.00
3060,29-1242.00
3060,29-1243.00
3060,29-1249.00
3110,29-1071.00
3110,29-1071.01
3120,29-1081.00
3140,29-1181.00
3150,29-1122.00
3150,29-1122.01
3160,29-1123.00
3200,29-1124.00
3210,29-1125.00
3210,29-1129.01
3210,29-1129.02
3220,29-1126.00
3230,29-1127.00
3235,29-1128.00
3245,29-1129.00
3250,29-1131.00
3255,29-1141.00
3255,29-1141.01
3255,29-1141.02
3255,29-1141.03
3255,29-1141.04
3256,29-1151.00
3257,29-1161.00
3258,29-1171.00
3260,29-1291.00
3260,29-1299.00
3260,29-1299.01
3260,29-1299.02
3300,29-2011.00
3300,29-2011.01
3300,29-2011.02
3300,29-2011.04
3300,29-2012.00
3300,29-2012.01
3310,29-1292.00
3320,29-2031.00
3320,29-2032.00
3320,29-2033.00
3320,29-2034.00
3320,29-2035.00
3400,29-2042.00
3400,29-2043.00
3420,29-2051.00
3420,29-2052.00
3420,29-2053.00
3420,29-2055.00
3420,29-2056.00
3420,29-2057.00
3420,29-2099.00
3500,29-2061.00
3510,29-2072.00
3510,29-9021.00
3520,29-2081.00
3535,29-2034.00
3535,29-2036.00
3535,29-2091.00
3535,29-2092.00
3535,29-2099.00
3535,29-2099.01
3535,29-2099.05
3535,29-9093.00
3540,19-5011.00
3540,19-5012.00
3540,29-9021.00
3540,29-9091.00
3540,29-9092.00
3540,29-9093.00
3540,29-9099.00
3540,29-9099.01
3600,31-1121.00
3600,31-1131.00
3600,31-1132.00
3600,31-1133.00
3610,31-2011.00
3610,31-2012.00
3620,31-2021.00
3620,31-2022.00
3630,31-9011.00
3640,31-9091.00
3645,31-9092.00
3646,31-9094.00
3647,31-9095.00
3648,31-9096.00
3649,31-9097.00
3655,31-9093.00
3655,31-9099.00
3655,31-9099.01
3655,31-9099.02
3700,33-1011.00
3710,33-1012.00
3720,33-1021.00
3730,33-1091.00
3730,33-1099.00
3740,33-2011.00
3750,33-2021.00
3750,33-2022.00
3800,33-3011.00
3800,33-3012.00
3820,33-3021.00
3820,33-3021.02
3820,33-3021.06
3820,33-3051.04
3830,33-3031.00
3840,33-3041.00
3850,33-3051.00
3860,33-3052.00
3900,33-9011.00
3910,33-9021.00
3930,33-9031.00
3930,33-9032.00
3940,33-9091.00
3945,33-9093.00
3955,33-9092.00
3955,33-9094.00
3955,33-9099.00
3955,33-9099.02
4000,35-1011.00
4010,35-1012.00
4020,35-2011.00
4020,35-2012.00
4020,35-2013.00
4020,35-2014.00
4020,35-2015.00
4020,35-2019.00
4030,35-2021.00
4040,35-3011.00
4050,35-3023.00
4060,35-3023.00
4060,35-3023.01
4110,35-3031.00
4120,35-3041.00
4130,35-9011.00
4140,35-9021.00
4150,35-9031.00
4160,35-9099.00
4200,37-1011.00
4210,37-1012.00
4220,37-2011.00
4220,37-2019.00
4230,37-2012.00
4240,37-2021.00
4250,37-3011.00
4250,37-3012.00
4250,37-3013.00
4250,37-3019.00
4300,39-1013.00
4320,11-9179.02
4320,39-1014.00
4320,39-1022.00
4320,53-1044.00
4340,39-2011.00
4350,39-2021.00
4400,39-3011.00
4400,39-3012.00
4400,39-3019.00
4410,39-3021.00
4420,39-3031.00
4430,39-3091.00
4430,39-3092.00
4430,39-3093.00
4430,39-3099.00
4460,39-4011.00
4460,39-4021.00
4465,39-4031.00
4500,39-5011.00
4510,39-5012.00
4520,39-5091.00
4520,39-5092.00
4520,39-5093.00
4520,39-5094.00
4530,39-6011.00
4530,39-6012.00
4540,39-7011.00
4540,39-7012.00
4600,39-9011.00
4600,39-9011.01
4610,31-1122.00
4620,39-9031.00
4620,39-9032.00
4640,39-9041.00
4650,39-4012.00
4650,39-9099.00
4700,41-1011.00
4710,41-1012.00
4720,41-2011.00
4720,41-2012.00
4740,41-2021.00
4750,41-2022.00
4760,41-2031.00
4800,41-3011.00
4810,41-3021.00
4820,41-3031.00
4830,41-3041.00
4840,41-3031.00
4840,41-3091.00
4850,41-4011.00
4850,41-4011.07
4850,41-4012.00
4900,41-9011.00
4900,41-9012.00
4920,41-9021.00
4920,41-9022.00
4930,41-9031.00
4940,41-9041.00
4950,41-9091.00
4965,41-9099.00
5000,43-1011.00
5010,43-2011.00
5020,43-2021.00
5030,43-2099.00
5100,43-3011.00
5110,43-3021.00
5120,43-3031.00
5130,43-3041.00
5140,43-3051.00
5150,43-3061.00
5160,43-3071.00
5165,43-3099.00
5200,43-4011.00
5210,43-4021.00
5220,43-4031.00
5230,43-4041.00
5240,29-2099.08
5240,43-4051.00
5250,43-4061.00
5260,43-4071.00
5300,43-4081.00
5310,43-4111.00
5320,43-4121.00
5330,43-4131.00
5340,43-4141.00
5350,43-4151.00
5360,43-4161.00
5400,43-4171.00
5410,43-4181.00
5420,43-4199.00
5500,43-5011.00
5500,43-5011.01
5510,43-5021.00
5520,43-5031.00
5520,43-5032.00
5530,43-5041.00
5540,43-5051.00
5550,43-5052.00
5560,43-5053.00
5600,43-5061.00
5610,43-5071.00
5620,53-7065.00
5630,43-5111.00
5700,43-6011.00
5700,43-6012.00
5700,43-6013.00
5700,43-6014.00
5800,15-1299.00
5810,43-9021.00
5820,43-9022.00
5830,43-9031.00
5840,43-9041.00
5850,43-9051.00
5860,43-9061.00
5900,43-9071.00
5910,43-9081.00
5920,15-2099.01
5920,43-9111.00
5940,43-9199.00
6005,45-1011.00
6010,45-2011.00
6020,45-2021.00
6040,45-2041.00
6050,45-2091.00
6050,45-2092.00
6050,45-2093.00
6050,45-2099.00
6100,45-3031.00
6110,45-3031.00
6120,45-4011.00
6130,45-4021.00
6130,45-4022.00
6130,45-4023.00
6130,45-4029.00
6200,47-1011.00
6200,47-1011.03
6210,47-2011.00
6220,47-2021.00
6220,47-2022.00
6230,47-2031.00
6240,47-2041.00
6240,47-2042.00
6240,47-2043.00
6240,47-2044.00
6250,47-2051.00
6250,47-2053.00
6260,47-2061.00
6300,47-2071.00
6310,47-2072.00
6320,47-2073.00
6330,47-2081.00
6330,47-2082.00
6355,47-2111.00
6360,47-2121.00
6400,47-2131.00
6400,47-2132.00
6420,47-2141.00
6430,47-2142.00
6440,47-2151.00
6440,47-2152.00
6460,47-2161.00
6500,47-2171.00
6515,47-2181.00
6520,47-2211.00
6530,47-2221.00
6540,47-2231.00
6600,47-3011.00
6600,47-3012.00
6600,47-3013.00
6600,47-3014.00
6600,47-3015.00
6600,47-3016.00
6600,47-3019.00
6660,47-4011.00
6700,47-4021.00
6710,47-4031.00
6720,47-4041.00
6730,47-4051.00
6740,47-4061.00
6750,47-4071.00
6765,47-2152.04
6765,47-4091.00
6765,47-4099.00
6765,47-4099.03
6800,47-5011.00
6800,47-5012.00
6800,47-5013.00
6820,47-5023.00
6820,47-5032.00
6830,47-5032.00
6840,47-5041.00
6840,47-5049.00
6840,47-5099.00
6910,47-5043.00
6920,47-5071.00
6930,47-5081.00
6940,47-5051.00
6940,47-5099.00
7000,49-1011.00
7010,49-2011.00
7020,49-2021.00
7020,49-2022.00
7030,49-2091.00
7040,49-2092.00
7050,49-2093.00
7100,49-2094.00
7100,49-2095.00
7110,49-2096.00
7120,49-2097.00
7130,49-2098.00
7140,49-3011.00
7150,49-3021.00
7160,49-3022.00
7200,49-3023.00
7210,49-3031.00
7220,49-3041.00
7220,49-3042.00
7220,49-3043.00
7240,49-3051.00
7240,49-3052.00
7240,49-3053.00
7260,49-3091.00
7260,49-3092.00
7260,49-3093.00
7300,49-9011.00
7300,49-9012.00
7315,49-9021.00
7320,49-9031.00
7330,49-9041.00
7330,49-9045.00
7340,49-9071.00
7350,49-9043.00
7360,49-9044.00
7410,49-9051.00
7420,49-9052.00
7430,49-9061.00
7430,49-9062.00
7430,49-9063.00
7430,49-9064.00
7430,49-9069.00
7440,49-9081.00
7510,49-9091.00
7520,49-9092.00
7540,49-9094.00
7550,49-9095.00
7560,49-9096.00
7600,49-9097.00
7610,49-9098.00
7630,49-9099.00
7630,49-9099.01
7700,51-1011.00
7710,51-2011.00
7720,51-2021.00
7720,51-2022.00
7720,51-2023.00
7730,51-2031.00
7740,51-2041.00
7750,51-2051.00
7750,51-2061.00
7750,51-2092.00
7750,51-2099.00
7800,51-3011.00
7810,51-3021.00
7810,51-3022.00
7810,51-3023.00
7830,51-3091.00
7840,51-3092.00
7850,51-3093.00
7855,51-3099.00
7900,51-9161.00
7900,51-9162.00
7920,51-4021.00
7930,51-4022.00
7940,51-4023.00
7950,51-4031.00
7960,51-4032.00
8000,51-4033.00
8010,51-4034.00
8020,51-4035.00
8030,51-4041.00
8040,51-4051.00
8040,51-4052.00
8060,51-4061.00
8060,51-4062.00
8100,51-4071.00
8100,51-4072.00
8120,51-4081.00
8130,51-4111.00
8140,51-4121.00
8140,51-4122.00
8150,51-4191.00
8160,51-4192.00
8200,51-4193.00
8210,51-4194.00
8220,51-4199.00
8250,51-5111.00
8255,51-5112.00
8256,51-5113.00
8300,51-6011.00
8310,51-6021.00
8320,51-6031.00
8330,51-6041.00
8340,51-6042.00
8350,51-6051.00
8350,51-6052.00
8360,51-6061.00
8400,51-6062.00
8410,51-6063.00
8420,51-6064.00
8430,51-6091.00
8440,51-6092.00
8450,51-6093.00
8460,51-6099.00
8500,51-7011.00
8510,51-7021.00
8520,51-7031.00
8520,51-7032.00
8530,51-7041.00
8540,51-7042.00
8550,51-7099.00
8600,51-8011.00
8600,51-8012.00
8600,51-8013.00
8610,51-8021.00
8620,51-8031.00
8630,51-8013.00
8630,51-8013.03
8630,51-8013.04
8630,51-8091.00
8630,51-8092.00
8630,51-8093.00
8630,51-8099.00
8630,51-8099.01
8640,51-9011.00
8640,51-9012.00
8650,51-9021.00
8650,51-9022.00
8650,51-9023.00
8710,51-9031.00
8710,51-9032.00
8720,51-9041.00
8730,51-9051.00
8740,51-9061.00
8750,51-9071.00
8750,51-9071.06
8760,51-9081.00
8760,51-9082.00
8760,51-9083.00
8800,51-9111.00
8810,51-9123.00
8810,51-9124.00
8830,51-9151.00
8840,51-9141.00
8850,51-9191.00
8860,51-9192.00
8900,51-9193.00
8910,51-9194.00
8920,51-9195.00
8920,51-9195.03
8920,51-9195.04
8920,51-9195.05
8930,51-9196.00
8940,51-9197.00
8950,51-9198.00
8965,51-9161.00
8965,51-9162.00
8965,51-9199.00
8965,53-7062.04
9000,53-1041.00
9000,53-1042.00
9000,53-1042.01
9000,53-1043.00
9000,53-1044.00
9000,53-1049.00
9030,53-2011.00
9030,53-2012.00
9040,53-2021.00
9040,53-2022.00
9050,53-2031.00
9110,53-3011.00
9120,53-3051.00
9120,53-3052.00
9120,53-3053.00
9130,53-3031.00
9130,53-3032.00
9130,53-3033.00
9140,53-3053.00
9140,53-3054.00
9150,53-3099.00
9200,53-4011.00
9200,53-4013.00
9200,53-4022.00
9230,53-4022.00
9240,53-4031.00
9260,53-4041.00
9260,53-4099.00
9300,53-5011.00
9310,53-5021.00
9310,53-5022.00
9330,53-5031.00
9340,53-6011.00
9350,53-6021.00
9360,53-6031.00
9410,53-6051.00
9410,53-6051.01
9410,53-6051.07
9415,53-6061.00
9420,53-6032.00
9420,53-6041.00
9420,53-6099.00
9500,53-7011.00
9510,53-7021.00
9520,47-5022.00
9520,47-5044.00
9520,53-7031.00
9520,53-7199.00
9560,53-7041.00
9600,53-7051.00
9610,53-7061.00
9620,53-7062.00
9630,53-7063.00
9640,53-7064.00
9650,53-7071.00
9650,53-7072.00
9650,53-7073.00
9720,53-7081.00
9730,47-5044.00
9740,53-7121.00
9750,53-7199.00
9800,55-1011.00
9800,55-1012.00
9800,55-1013.00
9800,55-1014.00
9800,55-1015.00
9800,55-1016.00
9800,55-1017.00
9800,55-1019.00
9810,55-2011.00
9810,55-2012.00
9810,55-2013.00
9820,17-3029.00
9820,55-3011.00
9820,55-3012.00
9820,55-3013.00
9820,55-3014.00
9820,55-3015.00
9820,55-3016.00
9820,55-3018.00
9820,55-3019.00
